id,name,url
40333609,River Flows In You,https://www.shazam.com/track/40333609/river-flows-in-you
40099833,Kiss The Rain,https://www.shazam.com/track/40099833/kiss-the-rain
40333607,May Be,https://www.shazam.com/track/40333607/may-be
64445613,River Flows In You,https://www.shazam.com/track/64445613/river-flows-in-you
40333608,Love Me,https://www.shazam.com/track/40333608/love-me
40333612,When The Love Falls,https://www.shazam.com/track/40333612/when-the-love-falls
64967916,River Flows in You ('f r a m e' Version),https://www.shazam.com/track/64967916/river-flows-in-you-f-r-a-m-e-version
40171263,Wait There,https://www.shazam.com/track/40171263/wait-there
40333610,Passing By,https://www.shazam.com/track/40333610/passing-by
40053740,I,https://www.shazam.com/track/40053740/i
55870230,Reminiscent,https://www.shazam.com/track/55870230/reminiscent
40099832,Indigo,https://www.shazam.com/track/40099832/indigo
40333614,Time Forgets.,https://www.shazam.com/track/40333614/time-forgets
47193571,Monghwanui Soob,https://www.shazam.com/track/47193571/monghwanui-soob
64895390,Do You?,https://www.shazam.com/track/64895390/do-you
40333611,It's Your Day,https://www.shazam.com/track/40333611/its-your-day
40333617,If I Could See You Again,https://www.shazam.com/track/40333617/if-i-could-see-you-again
54110518,Because I Love You,https://www.shazam.com/track/54110518/because-i-love-you
153920271,River Flows On The Edge,https://www.shazam.com/track/153920271/river-flows-on-the-edge
40099838,27. May,https://www.shazam.com/track/40099838/27-may
